                  epoch,         train/box_loss,         train/cls_loss,         train/dfl_loss,   metrics/precision(B),      metrics/recall(B),       metrics/mAP50(B),    metrics/mAP50-95(B),           val/box_loss,           val/cls_loss,           val/dfl_loss,                 lr/pg0,                 lr/pg1,                 lr/pg2
                      1,                 2.4856,                 2.8344,                  2.441,                0.30568,                0.30277,                0.18392,                0.08573,                 1.8748,                 3.9696,                 2.0044,               0.070128,              0.0033191,              0.0033191
                      2,                 1.9378,                 2.1294,                   1.84,                0.40502,                0.32315,                0.25468,                0.14071,                  1.626,                 2.6618,                 1.7159,               0.040106,              0.0066305,              0.0066305
                      3,                 1.8028,                 1.9858,                 1.7269,                0.27943,                0.36137,                0.27039,                0.15812,                   1.51,                 2.9248,                 1.6791,               0.010062,              0.0099198,              0.0099198
                      4,                 1.7458,                 1.8825,                 1.6952,                 0.4474,                0.42539,                0.39417,                0.23589,                 1.5124,                 2.1801,                 1.6212,               0.009901,               0.009901,               0.009901
                      5,                  1.727,                 1.8163,                  1.682,                0.43604,                0.47594,                0.43481,                0.28048,                 1.3543,                 1.7774,                 1.5018,               0.009901,               0.009901,               0.009901
                      6,                 1.7064,                 1.7228,                  1.669,                0.45001,                0.51282,                0.44922,                0.29316,                 1.4265,                 1.8471,                 1.5686,               0.009868,               0.009868,               0.009868
                      7,                 1.6486,                 1.6655,                 1.6254,                0.51386,                 0.4646,                0.45462,                0.28818,                 1.3728,                 1.8966,                 1.5486,               0.009835,               0.009835,               0.009835
                      8,                 1.6307,                 1.6117,                 1.6095,                0.43974,                0.52633,                 0.5068,                0.32625,                 1.3019,                 1.6534,                 1.4647,               0.009802,               0.009802,               0.009802
                      9,                 1.6235,                 1.5702,                 1.6001,                0.50246,                0.53599,                0.50893,                0.32956,                 1.3638,                 1.6909,                 1.4927,               0.009769,               0.009769,               0.009769
                     10,                 1.6277,                 1.5646,                 1.6108,                0.44415,                0.54543,                0.49114,                0.32587,                 1.2922,                 1.6442,                  1.483,               0.009736,               0.009736,               0.009736
                     11,                 1.5922,                 1.5133,                 1.5807,                0.49814,                0.60651,                0.58277,                0.38547,                 1.3509,                 1.6044,                  1.478,               0.009703,               0.009703,               0.009703
                     12,                 1.6118,                 1.5283,                 1.6105,                0.44098,                0.64244,                0.49015,                0.32124,                 1.2388,                 1.7684,                 1.4139,                0.00967,                0.00967,                0.00967
                     13,                 1.5757,                 1.4585,                  1.575,                0.56647,                0.61477,                0.60821,                0.42279,                 1.2005,                  1.492,                 1.4019,               0.009637,               0.009637,               0.009637
                     14,                 1.5738,                 1.4502,                 1.5718,                0.56308,                0.58026,                 0.5839,                0.38187,                 1.2816,                 1.6942,                 1.4345,               0.009604,               0.009604,               0.009604
                     15,                 1.5721,                 1.4273,                 1.5668,                0.57809,                0.60536,                0.61517,                0.41936,                 1.2482,                 1.5831,                 1.4284,               0.009571,               0.009571,               0.009571
                     16,                  1.542,                 1.4008,                 1.5547,                0.59971,                0.65873,                0.65627,                0.45577,                 1.2316,                 1.4035,                 1.4191,               0.009538,               0.009538,               0.009538
                     17,                   1.57,                 1.4178,                 1.5716,                0.47667,                0.64684,                0.58827,                0.38866,                 1.2903,                 1.6424,                 1.4681,               0.009505,               0.009505,               0.009505
                     18,                 1.5525,                 1.3668,                 1.5511,                0.65591,                 0.6515,                0.69698,                0.48825,                 1.1811,                 1.4144,                 1.3817,               0.009472,               0.009472,               0.009472
                     19,                 1.5201,                 1.3396,                 1.5257,                0.62049,                0.68632,                0.69917,                0.48881,                 1.2285,                 1.3677,                 1.4005,               0.009439,               0.009439,               0.009439
                     20,                 1.5111,                 1.3568,                 1.5437,                0.61314,                 0.6423,                0.64334,                0.44225,                 1.2448,                  1.506,                 1.4153,               0.009406,               0.009406,               0.009406
                     21,                 1.5382,                 1.3186,                 1.5364,                0.65895,                0.66041,                0.70342,                0.48394,                 1.2543,                 1.3719,                 1.4391,               0.009373,               0.009373,               0.009373
                     22,                 1.5158,                  1.314,                 1.5408,                 0.7082,                0.69029,                0.72258,                0.50844,                 1.1835,                 1.2737,                 1.3877,                0.00934,                0.00934,                0.00934
                     23,                   1.51,                 1.3067,                 1.5254,                0.70254,                0.65539,                0.70265,                0.49905,                 1.2072,                 1.3475,                  1.389,               0.009307,               0.009307,               0.009307
                     24,                 1.5143,                 1.3006,                   1.53,                0.66247,                0.65446,                0.70593,                0.50287,                 1.2003,                 1.2856,                  1.371,               0.009274,               0.009274,               0.009274
                     25,                 1.5091,                 1.2877,                 1.5176,                0.66326,                0.68816,                0.70256,                0.49417,                 1.2282,                 1.3467,                 1.4083,               0.009241,               0.009241,               0.009241
                     26,                 1.4957,                 1.2736,                 1.5189,                0.66556,                0.70549,                0.73233,                0.51683,                 1.2443,                 1.3249,                 1.3975,               0.009208,               0.009208,               0.009208
                     27,                 1.5195,                 1.2798,                 1.5353,                0.65748,                0.68589,                0.72595,                0.51476,                 1.2124,                 1.3586,                 1.4034,               0.009175,               0.009175,               0.009175
                     28,                 1.4981,                 1.2726,                 1.5225,                0.66092,                0.74246,                0.76492,                0.55235,                 1.1801,                 1.2534,                 1.3818,               0.009175,               0.009175,               0.009175
                     29,                 1.4939,                 1.2434,                 1.5073,                0.68601,                0.74698,                0.77459,                0.56386,                 1.1624,                 1.2326,                 1.3614,               0.009109,               0.009109,               0.009109
                     30,                 1.4747,                 1.2235,                 1.4993,                0.75889,                0.72084,                0.78965,                0.57305,                 1.1778,                 1.2069,                 1.3826,               0.009076,               0.009076,               0.009076
                     31,                 1.4805,                 1.2636,                  1.513,                0.70216,                0.76308,                0.78021,                0.56667,                 1.1302,                 1.2412,                 1.3496,               0.009043,               0.009043,               0.009043
                     32,                 1.4963,                 1.2498,                 1.5184,                 0.7381,                0.72692,                 0.7819,                0.56568,                 1.1847,                 1.2309,                 1.3701,                0.00901,                0.00901,                0.00901
                     33,                 1.4793,                 1.2135,                 1.5135,                0.61053,                0.72644,                0.71224,                0.51158,                 1.1756,                 1.3621,                 1.3762,               0.008977,               0.008977,               0.008977
                     34,                 1.4687,                 1.2289,                 1.4952,                0.71874,                0.71186,                0.77059,                0.55689,                  1.151,                 1.2588,                 1.3582,               0.008944,               0.008944,               0.008944
                     35,                  1.467,                 1.2255,                 1.4953,                 0.7123,                0.72363,                0.76648,                0.54677,                 1.1372,                 1.2104,                 1.3437,               0.008911,               0.008911,               0.008911
                     36,                 1.4627,                 1.2144,                 1.4879,                0.65309,                0.73256,                0.72274,                 0.5171,                 1.2004,                 1.4928,                 1.3904,               0.008878,               0.008878,               0.008878
                     37,                 1.4509,                 1.1893,                 1.4856,                0.74494,                0.73373,                0.79331,                0.57841,                 1.1455,                 1.2385,                 1.3512,               0.008845,               0.008845,               0.008845
                     38,                 1.4597,                 1.1855,                 1.4859,                0.75543,                0.75199,                0.81028,                0.59611,                 1.1365,                 1.2039,                 1.3453,               0.008812,               0.008812,               0.008812
                     39,                 1.4463,                 1.1954,                 1.4913,                 0.7156,                0.74325,                0.79731,                 0.5636,                  1.184,                 1.2437,                   1.38,               0.008779,               0.008779,               0.008779
                     40,                 1.4472,                 1.1675,                 1.4843,                0.77362,                0.75969,                0.83122,                0.60571,                  1.138,                 1.1521,                 1.3546,               0.008746,               0.008746,               0.008746
                     41,                 1.4508,                  1.185,                 1.4868,                0.79544,                0.73329,                0.80745,                0.59596,                 1.1176,                 1.1912,                 1.3315,               0.008713,               0.008713,               0.008713
                     42,                  1.444,                 1.1602,                 1.4739,                0.77629,                0.77529,                 0.8231,                0.60196,                 1.1178,                 1.1357,                 1.3337,                0.00868,                0.00868,                0.00868
                     43,                 1.4361,                 1.1615,                 1.4783,                0.76848,                0.72412,                0.79442,                0.57895,                 1.1406,                 1.2277,                 1.3676,               0.008647,               0.008647,               0.008647
                     44,                 1.4568,                 1.1746,                 1.4914,                0.78043,                0.77753,                0.84084,                0.62556,                 1.1133,                 1.0695,                 1.3265,               0.008614,               0.008614,               0.008614
                     45,                 1.4375,                 1.1311,                  1.472,                0.75615,                0.78277,                 0.8284,                0.61457,                 1.1208,                 1.1592,                 1.3338,               0.008581,               0.008581,               0.008581
                     46,                 1.4306,                 1.1389,                 1.4629,                0.76095,                0.75317,                0.81051,                0.60582,                 1.1184,                 1.1644,                 1.3191,               0.008548,               0.008548,               0.008548
                     47,                 1.4203,                 1.1496,                 1.4767,                0.77246,                0.75487,                0.82959,                0.60927,                 1.1568,                 1.1469,                 1.3521,               0.008515,               0.008515,               0.008515
                     48,                 1.4294,                 1.1195,                 1.4579,                0.79227,                0.77254,                0.85239,                0.63088,                 1.1196,                 1.1126,                 1.3431,               0.008482,               0.008482,               0.008482
                     49,                 1.4269,                 1.1283,                 1.4678,                0.75141,                0.75417,                0.81516,                0.59578,                 1.1461,                 1.2162,                 1.3424,               0.008449,               0.008449,               0.008449
                     50,                 1.4182,                 1.1118,                 1.4571,                0.79488,                 0.7665,                0.83336,                0.61863,                  1.121,                  1.162,                 1.3219,               0.008416,               0.008416,               0.008416
                     51,                 1.4339,                 1.1289,                 1.4706,                0.81892,                0.76996,                0.84014,                0.61924,                 1.1188,                 1.0923,                 1.3307,               0.008383,               0.008383,               0.008383
                     52,                 1.4347,                 1.1153,                 1.4617,                0.81428,                 0.8042,                0.86066,                0.63857,                 1.1213,                 1.0888,                 1.3222,                0.00835,                0.00835,                0.00835
                     53,                 1.4169,                 1.1142,                  1.461,                0.79547,                0.75253,                0.81472,                0.60337,                 1.1253,                  1.182,                 1.3228,               0.008317,               0.008317,               0.008317
                     54,                 1.4221,                 1.1038,                 1.4566,                0.79254,                  0.794,                0.85236,                 0.6391,                 1.0929,                 1.0825,                  1.304,               0.008284,               0.008284,               0.008284
                     55,                 1.4197,                 1.1049,                 1.4466,                0.74693,                0.75718,                0.80961,                0.59142,                 1.1388,                  1.234,                 1.3548,               0.008251,               0.008251,               0.008251
                     56,                 1.4122,                 1.1082,                 1.4566,                0.83158,                0.77591,                0.85768,                0.64163,                 1.1045,                 1.0811,                 1.3175,               0.008218,               0.008218,               0.008218
                     57,                 1.4196,                 1.1097,                 1.4623,                0.81632,                0.79146,                0.86391,                0.64459,                 1.1199,                 1.0913,                 1.3313,               0.008185,               0.008185,               0.008185
                     58,                 1.4117,                 1.1075,                 1.4567,                0.80985,                0.78692,                0.85696,                0.64216,                 1.0946,                 1.0691,                 1.3063,               0.008152,               0.008152,               0.008152
                     59,                 1.4087,                 1.0836,                 1.4402,                0.80916,                0.78671,                0.85594,                0.64337,                  1.102,                 1.0696,                 1.3131,               0.008119,               0.008119,               0.008119
                     60,                 1.4067,                 1.0963,                 1.4463,                0.81621,                0.79468,                0.86424,                0.64437,                 1.1171,                 1.0837,                 1.3268,               0.008086,               0.008086,               0.008086
                     61,                 1.3806,                 1.0709,                 1.4282,                0.80929,                0.77806,                0.85333,                0.63572,                 1.1035,                 1.0926,                 1.3168,               0.008053,               0.008053,               0.008053
                     62,                 1.4212,                 1.0925,                 1.4558,                0.82768,                0.80817,                0.87375,                 0.6604,                 1.0903,                 1.0258,                 1.3029,                0.00802,                0.00802,                0.00802
                     63,                 1.4252,                 1.0962,                 1.4685,                0.80775,                0.79896,                0.86583,                0.64918,                 1.1022,                 1.0383,                 1.3033,               0.007987,               0.007987,               0.007987
                     64,                 1.3883,                 1.0768,                 1.4418,                0.79952,                0.81501,                0.86891,                0.65717,                 1.0863,                 1.0217,                 1.3046,               0.007954,               0.007954,               0.007954
                     65,                 1.3957,                 1.0626,                 1.4306,                0.84264,                0.78297,                0.86065,                0.64386,                  1.118,                 1.0864,                 1.3176,               0.007921,               0.007921,               0.007921
                     66,                 1.4048,                 1.0643,                 1.4417,                0.82601,                0.81636,                0.88058,                 0.6673,                 1.0739,                0.98771,                 1.2849,               0.007888,               0.007888,               0.007888
                     67,                 1.4033,                 1.0679,                 1.4452,                0.82656,                0.82383,                0.87921,                0.66419,                 1.0988,                 1.0233,                 1.3053,               0.007855,               0.007855,               0.007855
                     68,                 1.3996,                 1.0587,                 1.4485,                0.82581,                0.81021,                0.87154,                0.65701,                 1.0927,                 1.0427,                 1.3032,               0.007822,               0.007822,               0.007822
                     69,                 1.3736,                 1.0466,                 1.4191,                0.83644,                0.81791,                0.88442,                  0.667,                  1.093,                0.98246,                  1.292,               0.007789,               0.007789,               0.007789
                     70,                 1.3862,                  1.048,                 1.4289,                0.83719,                0.80912,                0.88311,                0.67262,                 1.0653,                0.98567,                 1.2861,               0.007756,               0.007756,               0.007756
                     71,                 1.3842,                 1.0423,                  1.422,                0.82548,                0.80125,                0.87381,                0.65902,                 1.0875,                  1.047,                 1.2962,               0.007723,               0.007723,               0.007723
                     72,                 1.3705,                 1.0472,                 1.4194,                0.85096,                0.80877,                 0.8809,                 0.6627,                 1.0958,                 1.0182,                 1.3008,                0.00769,                0.00769,                0.00769
                     73,                 1.3909,                 1.0381,                  1.431,                0.83778,                0.81923,                0.88298,                0.66381,                 1.0931,                 1.0003,                 1.3007,               0.007657,               0.007657,               0.007657
                     74,                 1.3754,                 1.0311,                 1.4246,                0.83673,                0.80641,                0.87318,                0.66273,                 1.0828,                 1.0476,                 1.2983,               0.007624,               0.007624,               0.007624
                     75,                 1.3783,                 1.0286,                 1.4271,                0.83085,                0.81455,                0.87627,                0.64856,                 1.1143,                 1.0134,                 1.3111,               0.007591,               0.007591,               0.007591
                     76,                 1.4015,                 1.0602,                   1.44,                0.86553,                0.79937,                 0.8761,                0.66272,                 1.0878,                 1.0358,                 1.3036,               0.007558,               0.007558,               0.007558
                     77,                 1.3656,                 1.0128,                  1.415,                0.82385,                0.80402,                0.88074,                  0.668,                 1.0744,                 0.9933,                 1.3005,               0.007525,               0.007525,               0.007525
                     78,                 1.3652,                 1.0141,                 1.4123,                0.84971,                0.82508,                0.88572,                0.67018,                 1.0732,                0.98168,                 1.2895,               0.007492,               0.007492,               0.007492
                     79,                 1.3715,                 1.0246,                 1.4249,                0.84904,                0.82502,                0.88936,                0.67326,                 1.0861,                0.98308,                   1.29,               0.007459,               0.007459,               0.007459
                     80,                 1.3735,                 1.0264,                 1.4209,                0.86219,                0.81949,                0.89337,                0.67843,                 1.0681,                 0.9567,                 1.2919,               0.007426,               0.007426,               0.007426
                     81,                 1.3482,                0.99003,                 1.3973,                 0.8548,                 0.8275,                0.89095,                0.67441,                 1.0707,                0.97724,                 1.2834,               0.007393,               0.007393,               0.007393
                     82,                 1.3712,                 1.0168,                 1.4177,                0.84382,                0.81704,                0.89092,                0.67798,                 1.0678,                0.98164,                 1.2821,                0.00736,                0.00736,                0.00736
                     83,                 1.3648,                 1.0053,                 1.4156,                0.83007,                0.82256,                0.88263,                0.67253,                 1.0585,                0.98795,                 1.2815,               0.007327,               0.007327,               0.007327
                     84,                  1.349,                 1.0039,                 1.4117,                0.86499,                0.82586,                0.89759,                0.68474,                 1.0589,                0.95097,                 1.2721,               0.007294,               0.007294,               0.007294
                     85,                 1.3579,                0.96965,                 1.3998,                0.82488,                0.83652,                 0.8883,                0.67858,                 1.0671,                 1.0123,                 1.2872,               0.007261,               0.007261,               0.007261
                     86,                  1.358,                 1.0086,                 1.4134,                 0.8422,                0.83173,                0.89231,                0.67503,                  1.067,                 0.9889,                 1.2848,               0.007228,               0.007228,               0.007228
                     87,                 1.3399,                0.97365,                 1.4008,                0.85689,                0.83942,                0.90051,                0.68497,                 1.0599,                0.92511,                 1.2745,               0.007195,               0.007195,               0.007195
                     88,                 1.3588,                0.98129,                 1.3994,                0.82662,                0.81358,                 0.8815,                0.66759,                 1.0834,                0.98514,                 1.2972,               0.007162,               0.007162,               0.007162
                     89,                 1.3438,                0.99066,                 1.4072,                0.84935,                0.82752,                0.89245,                0.67894,                 1.0908,                0.97282,                 1.2982,               0.007129,               0.007129,               0.007129
                     90,                 1.3559,                0.99282,                 1.4034,                0.84512,                0.83093,                0.89362,                0.68061,                  1.059,                0.94961,                 1.2862,               0.007096,               0.007096,               0.007096
                     91,                 1.3525,                0.98763,                 1.4091,                0.88041,                0.81717,                0.89638,                  0.686,                 1.0688,                0.94009,                 1.2937,               0.007063,               0.007063,               0.007063
                     92,                 1.3594,                0.99932,                 1.4044,                0.84652,                0.82678,                0.89394,                0.68396,                 1.0535,                0.94988,                 1.2664,                0.00703,                0.00703,                0.00703
                     93,                 1.3322,                0.97533,                 1.4026,                0.86477,                 0.8174,                0.89469,                0.67915,                 1.0661,                 0.9475,                  1.286,               0.006997,               0.006997,               0.006997
                     94,                 1.3486,                0.97471,                 1.4037,                 0.8444,                0.83203,                0.89016,                 0.6784,                 1.0831,                0.95103,                 1.2919,               0.006964,               0.006964,               0.006964
                     95,                 1.3365,                0.96431,                 1.3921,                0.85009,                0.81688,                0.89098,                0.67986,                 1.0815,                0.96903,                 1.2887,               0.006931,               0.006931,               0.006931
                     96,                 1.3386,                0.96729,                 1.3984,                0.84894,                0.82678,                0.89317,                0.68223,                 1.0733,                0.96829,                 1.2965,               0.006898,               0.006898,               0.006898
                     97,                 1.3395,                0.96521,                 1.3908,                0.84996,                0.83204,                0.89432,                0.68484,                 1.0682,                0.94218,                 1.2845,               0.006865,               0.006865,               0.006865
                     98,                 1.3631,                0.98185,                 1.4129,                0.85026,                0.82925,                0.89554,                0.68102,                 1.0724,                0.96414,                 1.2924,               0.006832,               0.006832,               0.006832
                     99,                 1.3369,                0.96846,                 1.3975,                  0.863,                0.82001,                0.90102,                0.68934,                 1.0591,                0.94578,                 1.2837,               0.006799,               0.006799,               0.006799
                    100,                 1.3365,                0.96487,                 1.4021,                0.86484,                0.82682,                0.89916,                 0.6847,                 1.0601,                0.95356,                  1.274,               0.006766,               0.006766,               0.006766
                    101,                 1.3518,                0.98389,                 1.4064,                0.85627,                0.82575,                0.89985,                0.68566,                 1.0657,                0.91742,                 1.2767,               0.006733,               0.006733,               0.006733
                    102,                 1.3244,                0.95397,                 1.3825,                0.86476,                0.83329,                0.90107,                0.68773,                 1.0411,                0.93233,                 1.2636,                 0.0067,                 0.0067,                 0.0067
                    103,                 1.3185,                0.93765,                 1.3769,                0.85136,                0.84989,                0.90692,                 0.6943,                 1.0601,                0.91944,                 1.2775,               0.006667,               0.006667,               0.006667
                    104,                 1.3279,                0.94877,                  1.389,                 0.8479,                0.83216,                0.89671,                0.68681,                 1.0526,                 0.9396,                 1.2666,               0.006634,               0.006634,               0.006634
                    105,                 1.3423,                 0.9483,                 1.3937,                0.86873,                0.82917,                0.90194,                0.68993,                 1.0453,                0.91983,                 1.2653,               0.006601,               0.006601,               0.006601
                    106,                 1.3171,                0.93622,                 1.3684,                0.87321,                0.84673,                0.90559,                0.69408,                 1.0565,                0.91643,                 1.2831,               0.006568,               0.006568,               0.006568
                    107,                 1.3151,                 0.9388,                 1.3787,                0.86343,                0.82207,                0.89442,                0.68536,                 1.0591,                0.91182,                 1.2737,               0.006535,               0.006535,               0.006535
                    108,                 1.3197,                0.94504,                 1.3899,                0.83757,                0.84186,                0.89867,                0.68859,                 1.0511,                0.92762,                 1.2701,               0.006502,               0.006502,               0.006502
                    109,                 1.3289,                0.95292,                 1.3879,                0.85054,                0.84244,                0.89673,                0.68215,                 1.0712,                0.93974,                 1.2855,               0.006469,               0.006469,               0.006469
                    110,                 1.3173,                0.94988,                 1.3772,                0.87281,                0.83006,                0.90483,                0.69312,                 1.0483,                0.90399,                 1.2705,               0.006436,               0.006436,               0.006436
                    111,                 1.3168,                0.92966,                 1.3804,                0.85836,                0.84169,                0.90276,                0.69464,                 1.0422,                0.93111,                 1.2652,               0.006403,               0.006403,               0.006403
                    112,                 1.3032,                0.93778,                 1.3768,                0.85859,                  0.837,                0.90661,                0.69489,                 1.0556,                0.88819,                 1.2714,                0.00637,                0.00637,                0.00637
                    113,                 1.3121,                0.92788,                 1.3733,                0.83904,                 0.8505,                 0.8988,                 0.6857,                  1.037,                0.93942,                 1.2629,               0.006337,               0.006337,               0.006337
                    114,                 1.3044,                0.92824,                 1.3707,                0.86716,                  0.843,                0.90574,                0.69009,                  1.056,                0.90778,                 1.2683,               0.006304,               0.006304,               0.006304
                    115,                  1.321,                 0.9305,                 1.3805,                0.86977,                0.84662,                 0.9051,                0.69695,                 1.0533,                 0.8986,                 1.2726,               0.006271,               0.006271,               0.006271
                    116,                 1.3124,                0.93878,                 1.3777,                0.86355,                0.85169,                0.91332,                0.70192,                 1.0336,                0.87461,                 1.2543,               0.006238,               0.006238,               0.006238
                    117,                  1.298,                0.90418,                 1.3598,                0.85753,                0.85811,                0.91361,                0.70637,                 1.0323,                0.87665,                 1.2494,               0.006205,               0.006205,               0.006205
                    118,                 1.3298,                0.93996,                 1.3859,                0.86047,                0.83186,                 0.9037,                0.68883,                 1.0555,                0.94222,                  1.273,               0.006172,               0.006172,               0.006172
                    119,                 1.3104,                0.93014,                 1.3705,                0.85092,                0.83701,                0.90124,                0.69201,                 1.0455,                0.87646,                 1.2647,               0.006139,               0.006139,               0.006139
                    120,                 1.3087,                0.93103,                 1.3676,                0.86006,                0.85593,                0.90745,                0.70115,                 1.0522,                0.88481,                 1.2665,               0.006106,               0.006106,               0.006106
                    121,                 1.2936,                0.90719,                 1.3562,                0.86949,                0.85383,                0.91133,                0.69907,                 1.0295,                0.89142,                 1.2491,               0.006073,               0.006073,               0.006073
                    122,                 1.3173,                0.93104,                 1.3812,                0.86912,                0.83431,                0.90422,                0.69457,                 1.0533,                0.89386,                  1.271,                0.00604,                0.00604,                0.00604
                    123,                 1.3211,                0.92389,                 1.3836,                0.85532,                0.85742,                0.90803,                0.70145,                 1.0412,                0.88775,                 1.2684,               0.006007,               0.006007,               0.006007
                    124,                 1.3206,                0.93275,                 1.3872,                0.87131,                0.83998,                0.90388,                 0.6943,                 1.0432,                0.91605,                  1.266,               0.005974,               0.005974,               0.005974
                    125,                 1.2915,                0.90162,                 1.3564,                0.85254,                0.85634,                0.91252,                0.70291,                  1.039,                0.90855,                 1.2607,               0.005941,               0.005941,               0.005941
                    126,                 1.3014,                0.91215,                 1.3641,                0.88136,                0.84731,                0.91598,                0.70558,                 1.0367,                 0.8654,                 1.2602,               0.005908,               0.005908,               0.005908
                    127,                 1.3058,                 0.9112,                 1.3712,                0.86357,                0.84313,                0.90739,                0.69762,                 1.0297,                0.88914,                  1.247,               0.005875,               0.005875,               0.005875
                    128,                 1.2872,                0.89945,                   1.35,                0.87984,                0.84086,                0.91235,                0.70364,                 1.0379,                0.87174,                 1.2595,               0.005842,               0.005842,               0.005842
                    129,                 1.3049,                 0.8999,                 1.3541,                0.86672,                0.83832,                0.90178,                0.69281,                  1.037,                0.90654,                 1.2531,               0.005809,               0.005809,               0.005809
                    130,                 1.2763,                0.88102,                 1.3435,                0.84112,                0.85749,                0.90932,                0.70388,                 1.0319,                0.87948,                 1.2453,               0.005776,               0.005776,               0.005776
                    131,                 1.2876,                0.88577,                 1.3487,                0.87902,                 0.8441,                0.91368,                0.70227,                 1.0497,                0.88354,                   1.26,               0.005743,               0.005743,               0.005743
                    132,                 1.3035,                0.89836,                 1.3566,                0.86484,                0.84634,                0.90658,                0.69878,                 1.0364,                0.88452,                 1.2583,                0.00571,                0.00571,                0.00571
                    133,                 1.2815,                0.88264,                 1.3442,                0.86414,                0.85315,                0.91299,                0.70673,                 1.0213,                0.86013,                 1.2495,               0.005677,               0.005677,               0.005677
                    134,                 1.3154,                 0.9116,                 1.3652,                0.87523,                0.84045,                0.90623,                0.69805,                 1.0297,                0.89285,                 1.2483,               0.005644,               0.005644,               0.005644
                    135,                 1.2775,                0.88562,                 1.3507,                 0.8798,                0.84193,                0.91511,                0.70922,                 1.0374,                0.86855,                 1.2505,               0.005611,               0.005611,               0.005611
                    136,                 1.2918,                0.89197,                 1.3492,                0.87417,                0.85323,                0.91152,                0.70516,                 1.0435,                0.88612,                  1.254,               0.005578,               0.005578,               0.005578
                    137,                 1.2897,                0.88807,                 1.3552,                0.87764,                0.84596,                0.91406,                0.70702,                 1.0249,                 0.8527,                 1.2497,               0.005545,               0.005545,               0.005545
                    138,                 1.2752,                0.87443,                 1.3467,                 0.8698,                0.85337,                0.91149,                0.70471,                 1.0173,                0.87168,                 1.2445,               0.005512,               0.005512,               0.005512
                    139,                 1.2994,                0.88806,                 1.3645,                0.86433,                 0.8615,                0.91279,                0.70115,                 1.0331,                0.88824,                 1.2608,               0.005479,               0.005479,               0.005479
                    140,                 1.2923,                0.87597,                 1.3521,                0.87918,                0.85045,                0.91658,                0.70989,                 1.0218,                0.87156,                 1.2456,               0.005446,               0.005446,               0.005446
                    141,                 1.2962,                0.90133,                 1.3591,                0.87297,                0.85289,                0.91904,                0.71493,                 1.0266,                0.85016,                 1.2465,               0.005413,               0.005413,               0.005413
                    142,                 1.2892,                0.87854,                   1.35,                0.87384,                0.84609,                 0.9159,                 0.7101,                 1.0313,                0.87795,                 1.2545,                0.00538,                0.00538,                0.00538
                    143,                 1.2818,                0.87658,                 1.3431,                0.88089,                0.84846,                0.91777,                0.71117,                 1.0289,                0.85856,                 1.2443,               0.005347,               0.005347,               0.005347
                    144,                 1.2838,                0.87109,                 1.3501,                0.84776,                0.86591,                0.91436,                0.70777,                 1.0276,                0.88365,                 1.2547,               0.005314,               0.005314,               0.005314
                    145,                 1.2766,                0.88114,                 1.3511,                 0.8598,                0.87104,                0.92039,                0.71446,                 1.0267,                 0.8361,                 1.2482,               0.005281,               0.005281,               0.005281
                    146,                 1.2905,                 0.8859,                  1.352,                 0.8729,                0.85595,                 0.9168,                 0.7095,                 1.0251,                0.86306,                 1.2447,               0.005248,               0.005248,               0.005248
                    147,                 1.2678,                0.86611,                 1.3384,                0.88157,                0.85261,                0.92195,                0.71805,                 1.0296,                0.83706,                 1.2448,               0.005215,               0.005215,               0.005215
                    148,                  1.276,                0.86276,                 1.3415,                0.87901,                0.85885,                0.91921,                0.71376,                 1.0316,                0.84207,                 1.2408,               0.005182,               0.005182,               0.005182
                    149,                 1.2706,                0.86848,                 1.3464,                0.88126,                0.85868,                 0.9196,                0.71182,                 1.0182,                0.84403,                 1.2466,               0.005149,               0.005149,               0.005149
                    150,                 1.2578,                0.84234,                 1.3244,                0.88554,                0.85546,                0.92113,                0.71473,                  1.026,                0.83914,                 1.2468,               0.005116,               0.005116,               0.005116
                    151,                 1.2687,                0.85703,                 1.3429,                0.86181,                0.85865,                0.91854,                 0.7117,                 1.0205,                0.84352,                 1.2401,               0.005083,               0.005083,               0.005083
                    152,                 1.2841,                0.87243,                 1.3471,                0.87244,                 0.8567,                0.91654,                0.71097,                 1.0326,                 0.8498,                 1.2471,                0.00505,                0.00505,                0.00505
                    153,                 1.2714,                0.86428,                 1.3343,                 0.8702,                0.85611,                 0.9144,                0.70647,                 1.0268,                0.84918,                 1.2467,               0.005017,               0.005017,               0.005017
                    154,                 1.2547,                0.85148,                 1.3348,                0.87024,                0.86365,                0.91689,                0.70843,                 1.0224,                0.84313,                 1.2429,               0.004984,               0.004984,               0.004984
                    155,                 1.2722,                0.85059,                 1.3234,                0.87951,                 0.8505,                0.91416,                0.71005,                  1.028,                0.84606,                 1.2468,               0.004951,               0.004951,               0.004951
                    156,                 1.2677,                0.85825,                 1.3259,                0.86052,                0.87085,                0.91369,                0.70458,                 1.0208,                0.87646,                 1.2401,               0.004918,               0.004918,               0.004918
                    157,                  1.258,                0.84405,                 1.3295,                0.87491,                0.85715,                0.91749,                0.71689,                 1.0285,                0.85502,                 1.2465,               0.004885,               0.004885,               0.004885
                    158,                 1.2781,                0.85796,                 1.3455,                0.87143,                0.86842,                0.91681,                0.70843,                 1.0393,                0.85475,                 1.2586,               0.004852,               0.004852,               0.004852
                    159,                 1.2594,                0.85516,                 1.3347,                0.86503,                0.85342,                0.91031,                0.70691,                 1.0348,                0.85537,                 1.2395,               0.004819,               0.004819,               0.004819
                    160,                 1.2639,                0.84686,                 1.3283,                0.86907,                0.86117,                0.91744,                0.71017,                 1.0103,                0.86535,                 1.2381,               0.004786,               0.004786,               0.004786
                    161,                 1.2631,                0.85077,                 1.3366,                0.88389,                0.84881,                0.91549,                0.71179,                 1.0203,                0.85301,                 1.2463,               0.004753,               0.004753,               0.004753
                    162,                 1.2645,                0.85672,                 1.3392,                0.88093,                 0.8519,                0.91458,                0.71165,                 1.0094,                  0.869,                  1.231,                0.00472,                0.00472,                0.00472
                    163,                 1.2674,                0.84058,                 1.3315,                 0.8795,                0.85132,                0.91647,                0.71459,                 1.0226,                0.84784,                 1.2452,               0.004687,               0.004687,               0.004687
                    164,                  1.252,                0.83071,                 1.3239,                0.87791,                0.85631,                0.91838,                0.71455,                 1.0243,                0.82121,                 1.2422,               0.004654,               0.004654,               0.004654
                    165,                 1.2416,                0.83051,                 1.3193,                0.89176,                0.85121,                0.92152,                0.71786,                 1.0171,                0.84067,                 1.2361,               0.004621,               0.004621,               0.004621
                    166,                 1.2687,                0.84811,                  1.332,                0.87147,                0.86618,                0.92285,                0.71711,                 1.0214,                0.84231,                 1.2386,               0.004588,               0.004588,               0.004588
                    167,                 1.2392,                0.82293,                 1.3114,                0.86552,                0.87032,                 0.9215,                0.71554,                 1.0207,                0.83526,                 1.2353,               0.004555,               0.004555,               0.004555
                    168,                   1.24,                0.83478,                 1.3135,                0.87548,                 0.8691,                0.91915,                 0.7143,                  1.018,                0.83958,                 1.2338,               0.004522,               0.004522,               0.004522
                    169,                 1.2321,                0.81274,                 1.3108,                0.87576,                 0.8769,                0.92447,                0.71818,                 1.0171,                0.83081,                 1.2323,               0.004522,               0.004522,               0.004522
                    170,                 1.2616,                0.83607,                 1.3179,                0.87046,                0.87221,                0.92352,                0.71958,                 1.0083,                0.81612,                 1.2285,               0.004456,               0.004456,               0.004456
                    171,                 1.2384,                0.82195,                 1.3136,                0.87895,                0.85562,                0.92229,                0.71749,                  1.022,                0.83171,                 1.2406,               0.004423,               0.004423,               0.004423
                    172,                 1.2452,                0.82832,                 1.3246,                0.87856,                0.85919,                0.91886,                0.71247,                 1.0251,                0.83162,                 1.2434,                0.00439,                0.00439,                0.00439
                    173,                 1.2523,                0.84278,                 1.3226,                0.86348,                0.86459,                 0.9183,                 0.7137,                 1.0209,                 0.8463,                 1.2389,               0.004357,               0.004357,               0.004357
                    174,                 1.2575,                0.83898,                 1.3302,                0.87142,                0.86678,                0.91849,                0.71304,                 1.0217,                0.85022,                 1.2445,               0.004324,               0.004324,               0.004324
                    175,                 1.2399,                0.82435,                 1.3123,                0.88558,                0.85094,                0.91745,                  0.714,                   1.02,                0.83261,                 1.2401,               0.004291,               0.004291,               0.004291
                    176,                  1.242,                0.82141,                 1.3143,                0.86057,                0.87332,                0.91875,                0.71678,                 1.0217,                0.84067,                 1.2419,               0.004258,               0.004258,               0.004258
                    177,                 1.2336,                0.81311,                 1.3086,                0.86368,                0.86905,                0.91966,                 0.7173,                 1.0167,                0.82911,                 1.2355,               0.004225,               0.004225,               0.004225
                    178,                 1.2489,                0.82154,                 1.3197,                0.87659,                0.86226,                0.91825,                0.71585,                 1.0126,                0.83187,                 1.2325,               0.004192,               0.004192,               0.004192
                    179,                 1.2373,                0.80925,                 1.3091,                0.87567,                0.86124,                0.91813,                0.71624,                  1.023,                0.83713,                 1.2434,               0.004159,               0.004159,               0.004159
                    180,                   1.23,                0.82477,                   1.32,                0.87048,                0.85546,                0.91592,                0.71323,                 1.0104,                0.82898,                 1.2296,               0.004126,               0.004126,               0.004126
                    181,                 1.2328,                 0.8105,                 1.3153,                0.88404,                0.85522,                0.91873,                0.71363,                 1.0248,                0.82604,                  1.243,               0.004093,               0.004093,               0.004093
                    182,                 1.2304,                0.81889,                 1.3106,                0.87944,                0.85127,                0.91905,                0.71795,                 1.0001,                0.83371,                 1.2212,                0.00406,                0.00406,                0.00406
                    183,                  1.233,                0.80245,                 1.3033,                0.87169,                0.86125,                0.91691,                0.71855,                 1.0105,                0.83148,                 1.2288,               0.004027,               0.004027,               0.004027
                    184,                 1.2324,                0.81279,                 1.3072,                0.87179,                0.86787,                0.91875,                0.71506,                 1.0162,                0.83013,                 1.2296,               0.003994,               0.003994,               0.003994
                    185,                  1.248,                0.82079,                 1.3258,                0.88168,                 0.8591,                0.91927,                0.71607,                 1.0166,                0.83105,                 1.2351,               0.003961,               0.003961,               0.003961
                    186,                 1.2261,                0.80026,                 1.3024,                0.87868,                0.86391,                0.92264,                0.72074,                 1.0116,                0.81871,                 1.2318,               0.003928,               0.003928,               0.003928
                    187,                 1.2181,                0.79076,                 1.2922,                0.87799,                0.85979,                0.92022,                0.71877,                 1.0066,                0.81374,                 1.2293,               0.003895,               0.003895,               0.003895
                    188,                 1.2136,                0.80839,                 1.3135,                0.88778,                0.84878,                0.91971,                0.71931,                 1.0154,                0.81729,                   1.24,               0.003862,               0.003862,               0.003862
                    189,                 1.2332,                0.81124,                 1.3032,                0.89227,                0.85546,                0.91898,                0.71676,                 1.0036,                0.82222,                 1.2268,               0.003829,               0.003829,               0.003829
                    190,                 1.2182,                0.79934,                 1.3005,                0.87373,                0.86397,                0.91858,                0.71784,                 1.0123,                 0.8399,                 1.2306,               0.003796,               0.003796,               0.003796
                    191,                 1.2253,                 0.8011,                 1.2994,                 0.8748,                0.86797,                 0.9174,                0.71558,                 1.0131,                0.83218,                 1.2344,               0.003763,               0.003763,               0.003763
                    192,                 1.2353,                0.79696,                 1.3044,                0.87306,                0.86788,                0.91673,                0.71569,                 1.0179,                 0.8232,                 1.2364,                0.00373,                0.00373,                0.00373
                    193,                 1.2238,                0.79883,                 1.2966,                0.87629,                0.87082,                0.92024,                0.71755,                 1.0138,                0.82604,                 1.2372,               0.003697,               0.003697,               0.003697
                    194,                 1.2183,                0.79609,                 1.3007,                0.86838,                0.86506,                0.91795,                0.71765,                 1.0196,                0.83589,                 1.2391,               0.003664,               0.003664,               0.003664
                    195,                 1.2281,                0.79735,                 1.3051,                0.87405,                 0.8737,                0.92059,                0.72157,                 1.0065,                0.81091,                 1.2293,               0.003631,               0.003631,               0.003631
                    196,                 1.2269,                0.79782,                 1.2949,                0.88066,                0.86929,                0.92092,                0.72248,                 1.0109,                0.83041,                 1.2375,               0.003598,               0.003598,               0.003598
                    197,                 1.2336,                0.80556,                 1.3068,                0.88969,                0.85813,                0.92392,                0.72469,                 1.0008,                0.81225,                 1.2229,               0.003565,               0.003565,               0.003565
                    198,                 1.2209,                0.79855,                 1.3059,                0.88873,                0.86539,                0.92071,                0.72104,                 1.0036,                0.81718,                 1.2275,               0.003532,               0.003532,               0.003532
                    199,                 1.2181,                0.78836,                 1.3016,                0.86715,                0.87133,                0.92244,                0.72221,                 1.0085,                0.82793,                 1.2283,               0.003499,               0.003499,               0.003499
                    200,                 1.2276,                0.78414,                 1.2965,                0.88984,                0.86128,                0.92268,                0.72373,                  1.001,                0.80475,                 1.2304,               0.003466,               0.003466,               0.003466
                    201,                   1.23,                0.79861,                  1.304,                0.87446,                0.86067,                0.92032,                0.71989,                 1.0071,                0.81302,                 1.2274,               0.003433,               0.003433,               0.003433
                    202,                 1.1978,                0.77043,                 1.2815,                0.87794,                0.85671,                0.92079,                0.72185,                  1.005,                0.82448,                 1.2271,                 0.0034,                 0.0034,                 0.0034
                    203,                 1.2256,                0.79213,                 1.3042,                0.87095,                0.86754,                0.92328,                0.72311,                0.99873,                0.82407,                 1.2233,               0.003367,               0.003367,               0.003367
                    204,                 1.2288,                 0.8003,                 1.3123,                0.88071,                0.86254,                0.91933,                0.72036,                0.99811,                0.81501,                 1.2207,               0.003334,               0.003334,               0.003334
                    205,                 1.1983,                0.78197,                 1.2902,                0.88293,                0.86393,                0.91873,                0.71838,                 1.0064,                 0.8246,                 1.2269,               0.003301,               0.003301,               0.003301
                    206,                 1.2063,                  0.772,                  1.285,                0.88011,                0.86326,                0.91983,                0.72167,                 1.0025,                0.82653,                 1.2242,               0.003268,               0.003268,               0.003268
                    207,                 1.2086,                0.77103,                 1.2909,                 0.8786,                0.85793,                0.92041,                0.72378,                 1.0042,                0.81816,                 1.2214,               0.003235,               0.003235,               0.003235
                    208,                 1.2148,                0.78044,                 1.2968,                0.87733,                0.86735,                0.92074,                0.72431,                 1.0119,                0.82191,                 1.2285,               0.003202,               0.003202,               0.003202
                    209,                 1.2082,                0.78798,                 1.2972,                0.86098,                0.88097,                0.92275,                0.72403,                 1.0102,                0.82984,                  1.227,               0.003169,               0.003169,               0.003169
                    210,                 1.1847,                0.75827,                 1.2757,                0.87151,                0.87222,                0.92226,                0.72441,                 1.0045,                 0.8217,                 1.2272,               0.003136,               0.003136,               0.003136
                    211,                 1.1988,                0.77506,                 1.2839,                0.87365,                0.86653,                0.92019,                 0.7237,                 1.0006,                  0.831,                 1.2188,               0.003103,               0.003103,               0.003103
                    212,                 1.2076,                0.77585,                 1.2815,                0.86572,                0.87741,                0.91827,                0.71943,                 1.0075,                  0.834,                 1.2246,                0.00307,                0.00307,                0.00307
                    213,                  1.181,                0.75485,                 1.2692,                0.88951,                0.85688,                0.92164,                0.72416,                 1.0064,                0.81185,                  1.218,               0.003037,               0.003037,               0.003037
                    214,                 1.1931,                0.77029,                 1.2803,                0.87218,                0.87064,                0.92121,                0.72343,                 1.0073,                0.81467,                 1.2209,               0.003004,               0.003004,               0.003004
                    215,                 1.1998,                0.76599,                 1.2841,                0.87777,                  0.867,                0.92017,                0.72008,                  1.014,                0.81073,                 1.2262,               0.002971,               0.002971,               0.002971
                    216,                 1.1981,                0.77039,                 1.2857,                0.86024,                0.87041,                0.91995,                 0.7187,                 1.0157,                0.82534,                 1.2315,               0.002938,               0.002938,               0.002938
                    217,                 1.2147,                0.77201,                 1.2897,                0.87747,                0.86855,                0.92157,                0.72166,                 1.0173,                0.81277,                 1.2314,               0.002905,               0.002905,               0.002905
                    218,                 1.1823,                 0.7502,                  1.273,                0.86641,                0.87333,                0.91823,                0.72119,                  1.014,                0.81521,                 1.2358,               0.002872,               0.002872,               0.002872
                    219,                 1.1869,                 0.7522,                 1.2763,                0.86908,                0.86756,                0.91771,                 0.7206,                 1.0146,                0.82914,                 1.2336,               0.002839,               0.002839,               0.002839
                    220,                 1.1868,                0.75758,                 1.2831,                0.85742,                0.87549,                0.91827,                0.72119,                 1.0141,                  0.815,                 1.2343,               0.002806,               0.002806,               0.002806
                    221,                 1.1977,                0.76648,                  1.281,                0.88182,                0.86285,                0.92083,                0.72211,                 1.0154,                0.80245,                 1.2309,               0.002773,               0.002773,               0.002773
                    222,                 1.1803,                0.75005,                 1.2657,                0.87524,                0.87347,                0.91892,                0.72191,                 1.0049,                0.80417,                 1.2249,                0.00274,                0.00274,                0.00274
                    223,                 1.1775,                 0.7506,                 1.2703,                0.87692,                0.87174,                0.92055,                0.72236,                  1.006,                0.79926,                 1.2257,               0.002707,               0.002707,               0.002707
                    224,                 1.1782,                0.75731,                 1.2698,                0.87502,                0.86857,                0.92157,                0.72447,                 1.0081,                0.80135,                 1.2262,               0.002674,               0.002674,               0.002674
                    225,                 1.1687,                0.74792,                  1.271,                0.87324,                 0.8668,                0.92046,                0.72307,                 1.0073,                0.81857,                 1.2269,               0.002641,               0.002641,               0.002641
                    226,                 1.1723,                0.73954,                 1.2599,                0.87558,                0.86808,                 0.9212,                0.72328,                 1.0135,                0.82629,                 1.2335,               0.002608,               0.002608,               0.002608
                    227,                 1.1783,                0.74608,                 1.2717,                0.88637,                0.85992,                0.92184,                 0.7254,                 1.0067,                0.81776,                 1.2269,               0.002575,               0.002575,               0.002575
                    228,                 1.1743,                0.74087,                 1.2703,                0.88005,                0.86359,                0.91889,                0.72161,                  1.009,                0.82941,                 1.2287,               0.002542,               0.002542,               0.002542
                    229,                 1.1777,                  0.735,                 1.2588,                0.88371,                0.86443,                0.92125,                0.72421,                 1.0099,                0.83281,                  1.232,               0.002509,               0.002509,               0.002509
                    230,                 1.1623,                0.74153,                 1.2673,                0.88163,                 0.8679,                0.92083,                0.72176,                 1.0134,                0.81603,                 1.2284,               0.002476,               0.002476,               0.002476
                    231,                 1.1807,                 0.7372,                 1.2692,                0.88597,                0.86393,                0.92316,                 0.7238,                  1.009,                0.80432,                 1.2271,               0.002443,               0.002443,               0.002443
                    232,                 1.1738,                0.73821,                 1.2687,                0.88184,                0.85842,                0.92303,                0.72633,                  1.011,                0.80531,                 1.2289,                0.00241,                0.00241,                0.00241
                    233,                 1.1797,                 0.7375,                  1.263,                0.87159,                0.86984,                0.92361,                0.72587,                  1.007,                0.81079,                 1.2256,               0.002377,               0.002377,               0.002377
                    234,                 1.1596,                0.74028,                 1.2687,                0.89102,                0.86068,                0.92336,                0.72815,                 1.0045,                0.81472,                 1.2266,               0.002344,               0.002344,               0.002344
                    235,                 1.1691,                0.73357,                 1.2643,                 0.8736,                0.87553,                0.92438,                0.72743,                 1.0097,                0.80971,                 1.2323,               0.002311,               0.002311,               0.002311
                    236,                 1.1543,                0.72946,                 1.2539,                0.88797,                 0.8649,                0.92277,                0.72613,                 1.0104,                 0.8143,                 1.2265,               0.002278,               0.002278,               0.002278
                    237,                 1.1576,                0.72223,                 1.2625,                0.89244,                0.86291,                0.92481,                0.72728,                 1.0063,                0.81205,                 1.2236,               0.002245,               0.002245,               0.002245
                    238,                 1.1595,                0.73402,                 1.2524,                0.87932,                0.86564,                0.92511,                0.72899,                 1.0034,                0.81784,                 1.2193,               0.002212,               0.002212,               0.002212
                    239,                 1.1661,                0.72519,                 1.2632,                0.88442,                0.86735,                0.92664,                0.73104,                0.99958,                0.80684,                 1.2172,               0.002179,               0.002179,               0.002179
                    240,                 1.1503,                0.72307,                 1.2559,                 0.8809,                0.86759,                0.92556,                0.73147,                0.99806,                0.81737,                 1.2159,               0.002146,               0.002146,               0.002146
                    241,                 1.1621,                 0.7213,                 1.2667,                0.88849,                0.86041,                0.92376,                0.72851,                 1.0051,                0.81847,                 1.2203,               0.002113,               0.002113,               0.002113
                    242,                 1.1707,                0.72868,                  1.264,                0.88049,                0.86221,                0.92365,                0.72823,                0.99805,                0.82538,                 1.2166,                0.00208,                0.00208,                0.00208
                    243,                  1.151,                0.71538,                 1.2504,                0.88725,                0.85953,                0.92335,                0.72878,                 1.0052,                0.80683,                 1.2231,               0.002047,               0.002047,               0.002047
                    244,                 1.1409,                0.70309,                 1.2397,                0.88108,                0.86366,                0.92476,                 0.7293,                 1.0055,                0.81424,                 1.2218,               0.002014,               0.002014,               0.002014
                    245,                 1.1487,                 0.7112,                 1.2499,                0.88436,                0.85511,                0.92487,                0.72881,                  1.001,                0.82143,                 1.2203,               0.001981,               0.001981,               0.001981
                    246,                 1.1577,                0.71247,                 1.2509,                0.88665,                0.86402,                0.92398,                0.72949,                0.99845,                0.80154,                 1.2184,               0.001948,               0.001948,               0.001948
                    247,                 1.1405,                0.70409,                 1.2395,                0.88527,                0.85654,                0.91911,                0.72556,                 1.0028,                0.81466,                 1.2211,               0.001915,               0.001915,               0.001915
                    248,                 1.1347,                0.70528,                 1.2431,                0.87986,                0.86392,                0.92174,                0.72701,                 1.0091,                0.81217,                 1.2224,               0.001882,               0.001882,               0.001882
                    249,                 1.1449,                0.71019,                 1.2516,                0.88137,                0.85988,                0.92366,                0.72968,                  1.013,                0.80755,                 1.2246,               0.001849,               0.001849,               0.001849
                    250,                 1.1381,                0.70633,                 1.2476,                0.88741,                0.85829,                0.92207,                0.72798,                  1.009,                0.81723,                 1.2223,               0.001816,               0.001816,               0.001816
                    251,                 1.1327,                0.70239,                 1.2389,                0.87723,                0.86407,                 0.9202,                0.72562,                 1.0084,                0.82448,                 1.2235,               0.001783,               0.001783,               0.001783
                    252,                 1.1339,                0.69693,                 1.2424,                0.88303,                0.85869,                0.92274,                0.72611,                 1.0142,                0.80885,                 1.2308,                0.00175,                0.00175,                0.00175
                    253,                 1.1284,                0.70091,                 1.2381,                0.88013,                0.86337,                0.92431,                0.72842,                 1.0093,                0.80475,                 1.2261,               0.001717,               0.001717,               0.001717
                    254,                 1.1399,                0.70236,                 1.2393,                0.88323,                0.86288,                0.92238,                 0.7264,                 1.0106,                0.80982,                 1.2266,               0.001684,               0.001684,               0.001684
                    255,                 1.1268,                0.69634,                 1.2358,                0.88366,                0.86092,                0.92168,                0.72585,                  1.011,                0.81127,                 1.2263,               0.001651,               0.001651,               0.001651
                    256,                 1.1339,                 0.6983,                 1.2392,                0.88404,                0.86718,                0.92069,                0.72526,                  1.007,                0.81094,                 1.2229,               0.001618,               0.001618,               0.001618
                    257,                 1.1283,                0.69823,                 1.2399,                0.88844,                0.86163,                0.92174,                 0.7262,                 1.0026,                0.81177,                 1.2204,               0.001585,               0.001585,               0.001585
                    258,                 1.1256,                0.68903,                 1.2336,                0.88608,                0.86107,                0.92226,                0.72839,                 1.0041,                0.80835,                  1.223,               0.001552,               0.001552,               0.001552
                    259,                 1.1262,                0.69478,                 1.2383,                0.87952,                0.86424,                0.92186,                0.72651,                 1.0084,                0.81052,                 1.2262,               0.001519,               0.001519,               0.001519
                    260,                 1.1311,                0.69736,                 1.2393,                0.88841,                0.85924,                0.92115,                0.72605,                 1.0095,                0.82133,                  1.228,               0.001486,               0.001486,               0.001486
                    261,                 1.1428,                0.69326,                 1.2431,                0.88826,                 0.8553,                0.92087,                0.72626,                   1.01,                0.82615,                 1.2283,               0.001453,               0.001453,               0.001453
                    262,                 1.1076,                0.67823,                 1.2218,                0.88943,                 0.8533,                0.92187,                 0.7271,                 1.0097,                0.81688,                 1.2278,                0.00142,                0.00142,                0.00142
                    263,                  1.117,                0.68459,                 1.2385,                0.88628,                0.85718,                0.92046,                0.72652,                 1.0122,                0.81268,                 1.2323,               0.001387,               0.001387,               0.001387
                    264,                 1.1207,                0.68673,                 1.2341,                0.88566,                0.86154,                0.92041,                0.72734,                 1.0079,                0.81778,                 1.2273,               0.001354,               0.001354,               0.001354
                    265,                 1.1202,                0.68698,                 1.2355,                0.88631,                 0.8602,                0.92143,                0.72595,                 1.0055,                0.80664,                 1.2242,               0.001321,               0.001321,               0.001321
                    266,                 1.1083,                0.67659,                 1.2259,                0.87853,                0.86427,                 0.9196,                0.72583,                 1.0067,                0.81202,                 1.2265,               0.001288,               0.001288,               0.001288
                    267,                 1.1139,                0.68012,                 1.2274,                0.87921,                0.86677,                 0.9189,                0.72468,                 1.0098,                0.80954,                 1.2298,               0.001255,               0.001255,               0.001255
                    268,                 1.1119,                0.67802,                 1.2254,                0.88925,                0.85977,                0.91957,                0.72618,                 1.0098,                0.80769,                 1.2306,               0.001222,               0.001222,               0.001222
                    269,                 1.1036,                0.66769,                 1.2141,                 0.8899,                0.85694,                0.91988,                0.72612,                 1.0055,                0.80005,                 1.2244,               0.001189,               0.001189,               0.001189
                    270,                 1.1068,                0.66544,                  1.214,                0.88015,                0.86571,                0.92135,                0.72828,                 1.0034,                0.81039,                 1.2228,               0.001156,               0.001156,               0.001156
                    271,                 1.0883,                0.66317,                 1.2071,                0.89505,                0.85853,                 0.9213,                0.72745,                 1.0025,                0.80697,                 1.2231,               0.001123,               0.001123,               0.001123
                    272,                 1.1022,                0.66616,                 1.2161,                0.89075,                0.85829,                0.92005,                0.72732,                 1.0072,                0.81637,                 1.2258,                0.00109,                0.00109,                0.00109
                    273,                 1.1079,                0.66741,                 1.2136,                0.88603,                0.86121,                0.92098,                 0.7267,                 1.0059,                0.81053,                 1.2221,               0.001057,               0.001057,               0.001057
                    274,                 1.0954,                0.66308,                  1.208,                0.89789,                0.85355,                0.92011,                0.72603,                 1.0109,                0.80603,                 1.2274,               0.001024,               0.001024,               0.001024
                    275,                 1.1114,                0.67048,                 1.2211,                0.88867,                0.86077,                0.92035,                 0.7269,                 1.0137,                 0.8114,                 1.2339,               0.000991,               0.000991,               0.000991
                    276,                 1.0841,                0.65359,                 1.2126,                0.88775,                0.85286,                0.92164,                0.72806,                 1.0155,                0.80797,                 1.2365,               0.000958,               0.000958,               0.000958
                    277,                 1.1012,                0.66547,                 1.2121,                0.88952,                  0.855,                0.92105,                0.72796,                 1.0155,                0.81505,                 1.2359,               0.000925,               0.000925,               0.000925
                    278,                 1.0924,                0.65474,                  1.212,                0.88519,                0.85787,                0.92025,                 0.7274,                 1.0139,                0.81761,                 1.2336,               0.000892,               0.000892,               0.000892
                    279,                 1.0797,                0.65168,                 1.2049,                0.88562,                0.86017,                0.92077,                0.72704,                 1.0079,                0.81599,                 1.2256,               0.000859,               0.000859,               0.000859
                    280,                  1.097,                0.66198,                 1.2198,                0.88024,                0.85976,                0.91957,                0.72577,                 1.0056,                 0.8184,                 1.2229,               0.000826,               0.000826,               0.000826
                    281,                 1.0937,                0.65491,                 1.2081,                0.88843,                0.84957,                0.91901,                0.72651,                 1.0055,                0.81487,                  1.223,               0.000793,               0.000793,               0.000793
                    282,                  1.093,                 0.6637,                 1.2147,                0.88662,                0.85286,                0.91871,                0.72618,                 1.0064,                0.81442,                 1.2235,                0.00076,                0.00076,                0.00076
                    283,                 1.0798,                0.64782,                 1.1977,                0.87061,                 0.8651,                0.91967,                0.72755,                 1.0101,                0.81431,                 1.2252,               0.000727,               0.000727,               0.000727
                    284,                 1.0777,                0.64871,                 1.2027,                0.88741,                0.85088,                0.91897,                0.72704,                 1.0131,                 0.8145,                 1.2288,               0.000694,               0.000694,               0.000694
                    285,                 1.0844,                0.64294,                 1.2045,                0.87633,                0.86127,                0.91947,                0.72684,                 1.0152,                0.81797,                 1.2307,               0.000661,               0.000661,               0.000661
                    286,                 1.0715,                0.64446,                 1.2049,                 0.8839,                0.85465,                0.91996,                0.72686,                  1.015,                0.82055,                 1.2275,               0.000628,               0.000628,               0.000628
                    287,                 1.0869,                0.64858,                 1.2054,                0.87878,                0.85784,                0.91825,                0.72544,                 1.0185,                0.82503,                 1.2319,               0.000595,               0.000595,               0.000595
                    288,                 1.0686,                0.64012,                 1.1955,                0.88823,                0.84755,                0.91914,                0.72486,                 1.0206,                0.82486,                 1.2322,               0.000562,               0.000562,               0.000562
                    289,                 1.0694,                 0.6409,                 1.1977,                0.87669,                0.85707,                0.91885,                0.72399,                 1.0194,                0.82669,                 1.2297,               0.000529,               0.000529,               0.000529
                    290,                 1.0626,                0.63706,                 1.1948,                0.88743,                0.85296,                0.91888,                0.72518,                 1.0167,                 0.8231,                 1.2263,               0.000496,               0.000496,               0.000496
